"","date","n_correos"
"1",2009-01-19,3
"2",2009-01-20,3
"3",2009-01-21,1
"4",2009-01-22,0
"5",2009-01-23,0
"6",2009-01-24,0
"7",2009-01-25,2
"8",2009-01-26,0
"9",2009-01-27,2
"10",2009-01-28,2
"11",2009-01-29,0
"12",2009-01-30,0
"13",2009-01-31,0
"14",2009-02-01,0
"15",2009-02-02,1
"16",2009-02-03,6
"17",2009-02-04,3
"18",2009-02-05,2
"19",2009-02-06,0
"20",2009-02-07,0
"21",2009-02-08,0
"22",2009-02-09,10
"23",2009-02-10,0
"24",2009-02-11,11
"25",2009-02-12,7
"26",2009-02-13,3
"27",2009-02-14,2
"28",2009-02-15,0
"29",2009-02-16,5
"30",2009-02-17,7
"31",2009-02-18,11
"32",2009-02-19,2
"33",2009-02-20,0
"34",2009-02-21,0
"35",2009-02-22,0
"36",2009-02-23,3
"37",2009-02-24,7
"38",2009-02-25,1
"39",2009-02-26,0
"40",2009-02-27,0
"41",2009-02-28,1
"42",2009-03-01,0
"43",2009-03-02,4
"44",2009-03-03,3
"45",2009-03-04,1
"46",2009-03-05,0
"47",2009-03-06,7
"48",2009-03-07,2
"49",2009-03-08,4
"50",2009-03-09,0
"51",2009-03-10,2
"52",2009-03-11,6
"53",2009-03-12,1
"54",2009-03-13,2
"55",2009-03-14,0
"56",2009-03-15,0
"57",2009-03-16,3
"58",2009-03-17,1
"59",2009-03-18,6
"60",2009-03-19,9
"61",2009-03-20,5
"62",2009-03-21,1
"63",2009-03-22,3
"64",2009-03-23,3
"65",2009-03-24,3
"66",2009-03-25,4
"67",2009-03-26,5
"68",2009-03-27,2
"69",2009-03-28,3
"70",2009-03-29,6
"71",2009-03-30,3
"72",2009-03-31,4
"73",2009-04-01,0
"74",2009-04-02,1
"75",2009-04-03,1
"76",2009-04-04,3
"77",2009-04-05,4
"78",2009-04-06,1
"79",2009-04-07,3
"80",2009-04-08,4
"81",2009-04-09,0
"82",2009-04-10,0
"83",2009-04-11,0
"84",2009-04-12,0
"85",2009-04-13,0
"86",2009-04-14,1
"87",2009-04-15,8
"88",2009-04-16,8
"89",2009-04-17,7
"90",2009-04-18,19
"91",2009-04-19,4
"92",2009-04-20,2
"93",2009-04-21,6
"94",2009-04-22,22
"95",2009-04-23,11
"96",2009-04-24,1
"97",2009-04-25,4
"98",2009-04-26,6
"99",2009-04-27,1
"100",2009-04-28,3
"101",2009-04-29,0
"102",2009-04-30,0
"103",2009-05-01,0
"104",2009-05-02,0
"105",2009-05-03,1
"106",2009-05-04,0
"107",2009-05-05,2
"108",2009-05-06,7
"109",2009-05-07,5
"110",2009-05-08,9
"111",2009-05-09,0
"112",2009-05-10,0
"113",2009-05-11,0
"114",2009-05-12,1
"115",2009-05-13,5
"116",2009-05-14,4
"117",2009-05-15,0
"118",2009-05-16,0
"119",2009-05-17,0
"120",2009-05-18,0
"121",2009-05-19,0
"122",2009-05-20,3
"123",2009-05-21,2
"124",2009-05-22,0
"125",2009-05-23,0
"126",2009-05-24,0
"127",2009-05-25,0
"128",2009-05-26,1
"129",2009-05-27,0
"130",2009-05-28,0
"131",2009-05-29,0
"132",2009-05-30,0
"133",2009-05-31,0
"134",2009-06-01,3
"135",2009-06-02,0
"136",2009-06-03,1
"137",2009-06-04,2
"138",2009-06-05,1
"139",2009-06-06,0
"140",2009-06-07,3
"141",2009-06-08,1
"142",2009-06-09,0
"143",2009-06-10,0
"144",2009-06-11,1
"145",2009-06-12,0
"146",2009-06-13,1
"147",2009-06-14,0
"148",2009-06-15,0
"149",2009-06-16,0
"150",2009-06-17,2
"151",2009-06-18,0
"152",2009-06-19,1
"153",2009-06-20,1
"154",2009-06-21,0
"155",2009-06-22,3
"156",2009-06-23,2
"157",2009-06-24,0
"158",2009-06-25,1
"159",2009-06-26,0
"160",2009-06-27,0
"161",2009-06-28,2
"162",2009-06-29,1
"163",2009-06-30,0
"164",2009-07-01,5
"165",2009-07-02,7
"166",2009-07-03,1
"167",2009-07-04,0
"168",2009-07-05,0
"169",2009-07-06,0
"170",2009-07-07,0
"171",2009-07-08,0
"172",2009-07-09,0
"173",2009-07-10,0
"174",2009-07-11,0
"175",2009-07-12,1
"176",2009-07-13,0
"177",2009-07-14,2
"178",2009-07-15,4
"179",2009-07-16,5
"180",2009-07-17,0
"181",2009-07-18,2
"182",2009-07-19,1
"183",2009-07-20,1
"184",2009-07-21,0
"185",2009-07-22,0
"186",2009-07-23,0
"187",2009-07-24,0
"188",2009-07-25,0
"189",2009-07-26,0
"190",2009-07-27,1
"191",2009-07-28,2
"192",2009-07-29,8
"193",2009-07-30,6
"194",2009-07-31,0
"195",2009-08-01,0
"196",2009-08-02,4
"197",2009-08-03,0
"198",2009-08-04,2
"199",2009-08-05,2
"200",2009-08-06,2
"201",2009-08-07,1
"202",2009-08-08,2
"203",2009-08-09,0
"204",2009-08-10,0
"205",2009-08-11,0
"206",2009-08-12,0
"207",2009-08-13,0
"208",2009-08-14,0
"209",2009-08-15,0
"210",2009-08-16,0
"211",2009-08-17,0
"212",2009-08-18,0
"213",2009-08-19,0
"214",2009-08-20,0
"215",2009-08-21,0
"216",2009-08-22,0
"217",2009-08-23,0
"218",2009-08-24,0
"219",2009-08-25,0
"220",2009-08-26,5
"221",2009-08-27,0
"222",2009-08-28,1
"223",2009-08-29,0
"224",2009-08-30,0
"225",2009-08-31,0
"226",2009-09-01,1
"227",2009-09-02,3
"228",2009-09-03,6
"229",2009-09-04,0
"230",2009-09-05,0
"231",2009-09-06,0
"232",2009-09-07,0
"233",2009-09-08,0
"234",2009-09-09,1
"235",2009-09-10,11
"236",2009-09-11,1
"237",2009-09-12,0
"238",2009-09-13,0
"239",2009-09-14,0
"240",2009-09-15,2
"241",2009-09-16,3
"242",2009-09-17,3
"243",2009-09-18,0
"244",2009-09-19,0
"245",2009-09-20,0
"246",2009-09-21,0
"247",2009-09-22,0
"248",2009-09-23,1
"249",2009-09-24,0
"250",2009-09-25,0
"251",2009-09-26,0
"252",2009-09-27,0
"253",2009-09-28,0
"254",2009-09-29,2
"255",2009-09-30,0
"256",2009-10-01,0
"257",2009-10-02,1
"258",2009-10-03,1
"259",2009-10-04,1
"260",2009-10-05,4
"261",2009-10-06,1
"262",2009-10-07,1
"263",2009-10-08,1
"264",2009-10-09,1
"265",2009-10-10,0
"266",2009-10-11,0
"267",2009-10-12,0
"268",2009-10-13,0
"269",2009-10-14,0
"270",2009-10-15,1
"271",2009-10-16,0
"272",2009-10-17,0
"273",2009-10-18,1
"274",2009-10-19,0
"275",2009-10-20,2
"276",2009-10-21,7
"277",2009-10-22,1
"278",2009-10-23,2
"279",2009-10-24,0
"280",2009-10-25,1
"281",2009-10-26,2
"282",2009-10-27,0
"283",2009-10-28,0
"284",2009-10-29,1
"285",2009-10-30,0
"286",2009-10-31,0
"287",2009-11-01,0
"288",2009-11-02,0
"289",2009-11-03,1
"290",2009-11-04,1
"291",2009-11-05,0
"292",2009-11-06,0
"293",2009-11-07,0
"294",2009-11-08,1
"295",2009-11-09,1
"296",2009-11-10,1
"297",2009-11-11,0
"298",2009-11-12,1
"299",2009-11-13,0
"300",2009-11-14,1
"301",2009-11-15,0
"302",2009-11-16,0
"303",2009-11-17,6
"304",2009-11-18,7
"305",2009-11-19,4
"306",2009-11-20,24
"307",2009-11-21,4
"308",2009-11-22,9
"309",2009-11-23,0
"310",2009-11-24,5
"311",2009-11-25,2
"312",2009-11-26,3
"313",2009-11-27,1
"314",2009-11-28,1
"315",2009-11-29,5
"316",2009-11-30,1
"317",2009-12-01,4
"318",2009-12-02,8
"319",2009-12-03,5
"320",2009-12-04,6
"321",2009-12-05,4
"322",2009-12-06,1
"323",2009-12-07,4
"324",2009-12-08,1
"325",2009-12-09,1
"326",2009-12-10,12
"327",2009-12-11,8
"328",2009-12-12,0
"329",2009-12-13,0
"330",2009-12-14,5
"331",2009-12-15,5
"332",2009-12-16,7
"333",2009-12-17,3
"334",2009-12-18,3
"335",2009-12-19,3
"336",2009-12-20,2
"337",2009-12-21,2
"338",2009-12-22,6
"339",2009-12-23,0
"340",2009-12-24,7
"341",2009-12-25,1
"342",2009-12-26,0
"343",2009-12-27,0
"344",2009-12-28,1
"345",2009-12-29,0
"346",2009-12-30,0
"347",2009-12-31,1
"348",2010-01-01,2
"349",2010-01-02,0
"350",2010-01-03,0
"351",2010-01-04,1
"352",2010-01-05,0
"353",2010-01-06,1
"354",2010-01-07,3
"355",2010-01-08,1
"356",2010-01-09,0
"357",2010-01-10,0
"358",2010-01-11,1
"359",2010-01-12,4
"360",2010-01-13,0
"361",2010-01-14,0
"362",2010-01-15,0
"363",2010-01-16,0
"364",2010-01-17,0
"365",2010-01-18,1
"366",2010-01-19,10
"367",2010-01-20,4
"368",2010-01-21,11
"369",2010-01-22,6
"370",2010-01-23,0
"371",2010-01-24,1
"372",2010-01-25,19
"373",2010-01-26,13
"374",2010-01-27,11
"375",2010-01-28,13
"376",2010-01-29,3
"377",2010-01-30,8
"378",2010-01-31,5
"379",2010-02-01,16
"380",2010-02-02,33
"381",2010-02-03,22
"382",2010-02-04,27
"383",2010-02-05,17
"384",2010-02-06,16
"385",2010-02-07,0
"386",2010-02-08,3
"387",2010-02-09,12
"388",2010-02-10,13
"389",2010-02-11,15
"390",2010-02-12,7
"391",2010-02-13,1
"392",2010-02-14,0
"393",2010-02-15,13
"394",2010-02-16,19
"395",2010-02-17,27
"396",2010-02-18,25
"397",2010-02-19,14
"398",2010-02-20,4
"399",2010-02-21,11
"400",2010-02-22,6
"401",2010-02-23,8
"402",2010-02-24,19
"403",2010-02-25,12
"404",2010-02-26,31
"405",2010-02-27,4
"406",2010-02-28,1
"407",2010-03-01,14
"408",2010-03-02,1
"409",2010-03-03,10
"410",2010-03-04,4
"411",2010-03-05,4
"412",2010-03-06,4
"413",2010-03-07,2
"414",2010-03-08,2
"415",2010-03-09,4
"416",2010-03-10,0
"417",2010-03-11,12
"418",2010-03-12,4
"419",2010-03-13,2
"420",2010-03-14,1
"421",2010-03-15,0
"422",2010-03-16,2
"423",2010-03-17,9
"424",2010-03-18,16
"425",2010-03-19,3
"426",2010-03-20,0
"427",2010-03-21,1
"428",2010-03-22,0
"429",2010-03-23,11
"430",2010-03-24,6
"431",2010-03-25,15
"432",2010-03-26,1
"433",2010-03-27,0
"434",2010-03-28,1
"435",2010-03-29,14
"436",2010-03-30,6
"437",2010-03-31,6
"438",2010-04-01,2
"439",2010-04-02,2
"440",2010-04-03,2
"441",2010-04-04,1
"442",2010-04-05,0
"443",2010-04-06,10
"444",2010-04-07,6
"445",2010-04-08,2
"446",2010-04-09,5
"447",2010-04-10,3
"448",2010-04-11,4
"449",2010-04-12,11
"450",2010-04-13,1
"451",2010-04-14,9
"452",2010-04-15,2
"453",2010-04-16,0
"454",2010-04-17,1
"455",2010-04-18,19
"456",2010-04-19,5
"457",2010-04-20,10
"458",2010-04-21,7
"459",2010-04-22,9
"460",2010-04-23,13
"461",2010-04-24,5
"462",2010-04-25,1
"463",2010-04-26,14
"464",2010-04-27,4
"465",2010-04-28,13
"466",2010-04-29,4
"467",2010-04-30,0
"468",2010-05-01,0
"469",2010-05-02,0
"470",2010-05-03,0
"471",2010-05-04,4
"472",2010-05-05,5
"473",2010-05-06,4
"474",2010-05-07,1
"475",2010-05-08,0
"476",2010-05-09,0
"477",2010-05-10,0
"478",2010-05-11,0
"479",2010-05-12,0
"480",2010-05-13,5
"481",2010-05-14,4
"482",2010-05-15,0
"483",2010-05-16,0
"484",2010-05-17,0
"485",2010-05-18,1
"486",2010-05-19,4
"487",2010-05-20,2
"488",2010-05-21,0
"489",2010-05-22,1
"490",2010-05-23,1
"491",2010-05-24,1
"492",2010-05-25,0
"493",2010-05-26,0
"494",2010-05-27,1
"495",2010-05-28,3
"496",2010-05-29,2
"497",2010-05-30,0
"498",2010-05-31,1
"499",2010-06-01,0
"500",2010-06-02,0
"501",2010-06-03,0
"502",2010-06-04,0
"503",2010-06-05,0
"504",2010-06-06,0
"505",2010-06-07,1
"506",2010-06-08,8
"507",2010-06-09,0
"508",2010-06-10,0
"509",2010-06-11,1
"510",2010-06-12,0
"511",2010-06-13,0
"512",2010-06-14,0
"513",2010-06-15,0
"514",2010-06-16,0
"515",2010-06-17,3
"516",2010-06-18,0
"517",2010-06-19,1
"518",2010-06-20,0
"519",2010-06-21,2
"520",2010-06-22,4
"521",2010-06-23,2
"522",2010-06-24,1
"523",2010-06-25,8
"524",2010-06-26,0
"525",2010-06-27,1
"526",2010-06-28,1
"527",2010-06-29,4
"528",2010-06-30,7
"529",2010-07-01,1
"530",2010-07-02,2
"531",2010-07-03,1
"532",2010-07-04,0
"533",2010-07-05,1
"534",2010-07-06,0
"535",2010-07-07,0
"536",2010-07-08,0
"537",2010-07-09,0
"538",2010-07-10,0
"539",2010-07-11,0
"540",2010-07-12,0
"541",2010-07-13,0
"542",2010-07-14,2
"543",2010-07-15,4
"544",2010-07-16,3
"545",2010-07-17,0
"546",2010-07-18,1
"547",2010-07-19,1
"548",2010-07-20,0
"549",2010-07-21,3
"550",2010-07-22,2
"551",2010-07-23,0
"552",2010-07-24,0
"553",2010-07-25,3
"554",2010-07-26,6
"555",2010-07-27,8
"556",2010-07-28,0
"557",2010-07-29,1
"558",2010-07-30,2
"559",2010-07-31,2
"560",2010-08-01,1
"561",2010-08-02,4
"562",2010-08-03,2
"563",2010-08-04,3
"564",2010-08-05,4
"565",2010-08-06,2
"566",2010-08-07,0
"567",2010-08-08,0
"568",2010-08-09,1
"569",2010-08-10,2
"570",2010-08-11,4
"571",2010-08-12,2
"572",2010-08-13,1
"573",2010-08-14,0
"574",2010-08-15,0
"575",2010-08-16,1
"576",2010-08-17,12
"577",2010-08-18,6
"578",2010-08-19,4
"579",2010-08-20,0
"580",2010-08-21,0
"581",2010-08-22,8
"582",2010-08-23,3
"583",2010-08-24,0
"584",2010-08-25,2
"585",2010-08-26,6
"586",2010-08-27,0
"587",2010-08-28,1
"588",2010-08-29,2
"589",2010-08-30,3
"590",2010-08-31,5
"591",2010-09-01,9
"592",2010-09-02,9
"593",2010-09-03,3
"594",2010-09-04,1
"595",2010-09-05,0
"596",2010-09-06,1
"597",2010-09-07,3
"598",2010-09-08,10
"599",2010-09-09,12
"600",2010-09-10,2
"601",2010-09-11,10
"602",2010-09-12,9
"603",2010-09-13,0
"604",2010-09-14,3
"605",2010-09-15,1
"606",2010-09-16,8
"607",2010-09-17,20
"608",2010-09-18,3
"609",2010-09-19,2
"610",2010-09-20,3
"611",2010-09-21,4
"612",2010-09-22,8
"613",2010-09-23,5
"614",2010-09-24,3
"615",2010-09-25,9
"616",2010-09-26,14
"617",2010-09-27,8
"618",2010-09-28,15
"619",2010-09-29,2
"620",2010-09-30,2
"621",2010-10-01,0
"622",2010-10-02,0
"623",2010-10-03,7
"624",2010-10-04,9
"625",2010-10-05,9
"626",2010-10-06,17
"627",2010-10-07,9
"628",2010-10-08,10
"629",2010-10-09,5
"630",2010-10-10,3
"631",2010-10-11,1
"632",2010-10-12,17
"633",2010-10-13,16
"634",2010-10-14,1
"635",2010-10-15,0
"636",2010-10-16,1
"637",2010-10-17,0
"638",2010-10-18,3
"639",2010-10-19,3
"640",2010-10-20,6
"641",2010-10-21,0
"642",2010-10-22,0
"643",2010-10-23,2
"644",2010-10-24,5
"645",2010-10-25,10
"646",2010-10-26,4
"647",2010-10-27,7
"648",2010-10-28,7
"649",2010-10-29,5
"650",2010-10-30,5
"651",2010-10-31,1
"652",2010-11-01,4
"653",2010-11-02,8
"654",2010-11-03,3
"655",2010-11-04,0
"656",2010-11-05,4
"657",2010-11-06,0
"658",2010-11-07,1
"659",2010-11-08,0
"660",2010-11-09,1
"661",2010-11-10,5
"662",2010-11-11,5
"663",2010-11-12,2
"664",2010-11-13,6
"665",2010-11-14,2
"666",2010-11-15,0
"667",2010-11-16,5
"668",2010-11-17,4
"669",2010-11-18,4
"670",2010-11-19,2
"671",2010-11-20,0
"672",2010-11-21,2
"673",2010-11-22,1
"674",2010-11-23,1
"675",2010-11-24,2
"676",2010-11-25,1
"677",2010-11-26,4
"678",2010-11-27,5
"679",2010-11-28,2
"680",2010-11-29,0
"681",2010-11-30,2
"682",2010-12-01,1
"683",2010-12-02,1
"684",2010-12-03,2
"685",2010-12-04,16
"686",2010-12-05,2
"687",2010-12-06,4
"688",2010-12-07,1
"689",2010-12-08,2
"690",2010-12-09,2
"691",2010-12-10,0
"692",2010-12-11,0
"693",2010-12-12,0
"694",2010-12-13,2
"695",2010-12-14,9
"696",2010-12-15,6
"697",2010-12-16,4
"698",2010-12-17,9
"699",2010-12-18,8
"700",2010-12-19,7
"701",2010-12-20,9
"702",2010-12-21,3
"703",2010-12-22,6
"704",2010-12-23,7
"705",2010-12-24,1
"706",2010-12-25,0
"707",2010-12-26,0
"708",2010-12-27,7
"709",2010-12-28,1
"710",2010-12-29,0
"711",2010-12-30,2
"712",2010-12-31,0
"713",2011-01-01,0
"714",2011-01-02,8
"715",2011-01-03,3
"716",2011-01-04,4
"717",2011-01-05,2
"718",2011-01-06,2
"719",2011-01-07,9
"720",2011-01-08,2
"721",2011-01-09,1
"722",2011-01-10,0
"723",2011-01-11,7
"724",2011-01-12,3
"725",2011-01-13,1
"726",2011-01-14,3
"727",2011-01-15,0
"728",2011-01-16,0
"729",2011-01-17,2
"730",2011-01-18,2
"731",2011-01-19,0
"732",2011-01-20,11
"733",2011-01-21,3
"734",2011-01-22,0
"735",2011-01-23,12
"736",2011-01-24,10
"737",2011-01-25,8
"738",2011-01-26,4
"739",2011-01-27,4
"740",2011-01-28,0
"741",2011-01-29,0
"742",2011-01-30,1
"743",2011-01-31,7
"744",2011-02-01,6
"745",2011-02-02,3
"746",2011-02-03,2
"747",2011-02-04,0
"748",2011-02-05,1
"749",2011-02-06,1
"750",2011-02-07,9
"751",2011-02-08,5
"752",2011-02-09,2
"753",2011-02-10,22
"754",2011-02-11,15
"755",2011-02-12,1
"756",2011-02-13,2
"757",2011-02-14,9
"758",2011-02-15,19
"759",2011-02-16,9
"760",2011-02-17,5
"761",2011-02-18,1
"762",2011-02-19,5
"763",2011-02-20,2
"764",2011-02-21,1
"765",2011-02-22,10
"766",2011-02-23,18
"767",2011-02-24,3
"768",2011-02-25,9
"769",2011-02-26,4
"770",2011-02-27,1
"771",2011-02-28,8
"772",2011-03-01,11
"773",2011-03-02,0
"774",2011-03-03,0
"775",2011-03-04,6
"776",2011-03-05,0
"777",2011-03-06,13
"778",2011-03-07,5
"779",2011-03-08,11
"780",2011-03-09,13
"781",2011-03-10,4
"782",2011-03-11,4
"783",2011-03-12,6
"784",2011-03-13,1
"785",2011-03-14,4
"786",2011-03-15,2
"787",2011-03-16,15
"788",2011-03-17,8
"789",2011-03-18,7
"790",2011-03-19,7
"791",2011-03-20,1
"792",2011-03-21,1
"793",2011-03-22,3
"794",2011-03-23,0
"795",2011-03-24,0
"796",2011-03-25,14
"797",2011-03-26,0
"798",2011-03-27,0
"799",2011-03-28,8
"800",2011-03-29,9
"801",2011-03-30,5
"802",2011-03-31,10
"803",2011-04-01,8
"804",2011-04-02,5
"805",2011-04-03,1
"806",2011-04-04,2
"807",2011-04-05,1
"808",2011-04-06,10
"809",2011-04-07,7
"810",2011-04-08,0
"811",2011-04-09,0
"812",2011-04-10,0
"813",2011-04-11,1
"814",2011-04-12,0
"815",2011-04-13,1
"816",2011-04-14,2
"817",2011-04-15,0
"818",2011-04-16,0
"819",2011-04-17,0
"820",2011-04-18,1
"821",2011-04-19,0
"822",2011-04-20,4
"823",2011-04-21,8
"824",2011-04-22,3
"825",2011-04-23,2
"826",2011-04-24,6
"827",2011-04-25,0
"828",2011-04-26,1
"829",2011-04-27,0
"830",2011-04-28,0
"831",2011-04-29,3
"832",2011-04-30,3
"833",2011-05-01,1
"834",2011-05-02,1
"835",2011-05-03,6
"836",2011-05-04,0
"837",2011-05-05,4
"838",2011-05-06,2
"839",2011-05-07,1
"840",2011-05-08,2
"841",2011-05-09,1
"842",2011-05-10,1
"843",2011-05-11,2
"844",2011-05-12,4
"845",2011-05-13,3
"846",2011-05-14,5
"847",2011-05-15,1
"848",2011-05-16,1
"849",2011-05-17,0
"850",2011-05-18,4
"851",2011-05-19,0
"852",2011-05-20,1
"853",2011-05-21,4
"854",2011-05-22,1
"855",2011-05-23,1
"856",2011-05-24,0
"857",2011-05-25,2
"858",2011-05-26,0
"859",2011-05-27,1
"860",2011-05-28,0
"861",2011-05-29,0
"862",2011-05-30,7
"863",2011-05-31,3
"864",2011-06-01,2
"865",2011-06-02,2
"866",2011-06-03,4
"867",2011-06-04,2
"868",2011-06-05,3
"869",2011-06-06,0
"870",2011-06-07,1
"871",2011-06-08,0
"872",2011-06-09,3
"873",2011-06-10,2
"874",2011-06-11,4
"875",2011-06-12,0
"876",2011-06-13,2
"877",2011-06-14,1
"878",2011-06-15,0
"879",2011-06-16,5
"880",2011-06-17,4
"881",2011-06-18,2
"882",2011-06-19,4
"883",2011-06-20,3
"884",2011-06-21,3
"885",2011-06-22,6
"886",2011-06-23,6
"887",2011-06-24,3
"888",2011-06-25,1
"889",2011-06-26,0
"890",2011-06-27,0
"891",2011-06-28,1
"892",2011-06-29,2
"893",2011-06-30,1
"894",2011-07-01,3
"895",2011-07-02,0
"896",2011-07-03,0
"897",2011-07-04,0
"898",2011-07-05,3
"899",2011-07-06,7
"900",2011-07-07,2
"901",2011-07-08,4
"902",2011-07-09,3
"903",2011-07-10,1
"904",2011-07-11,2
"905",2011-07-12,0
"906",2011-07-13,6
"907",2011-07-14,0
"908",2011-07-15,2
"909",2011-07-16,9
"910",2011-07-17,1
"911",2011-07-18,8
"912",2011-07-19,7
"913",2011-07-20,0
"914",2011-07-21,5
"915",2011-07-22,3
"916",2011-07-23,0
"917",2011-07-24,0
"918",2011-07-25,0
"919",2011-07-26,0
"920",2011-07-27,0
"921",2011-07-28,0
"922",2011-07-29,3
"923",2011-07-30,2
"924",2011-07-31,0
"925",2011-08-01,0
"926",2011-08-02,1
"927",2011-08-03,0
"928",2011-08-04,1
"929",2011-08-05,0
"930",2011-08-06,0
"931",2011-08-07,0
"932",2011-08-08,1
"933",2011-08-09,2
"934",2011-08-10,2
"935",2011-08-11,0
"936",2011-08-12,0
"937",2011-08-13,0
"938",2011-08-14,0
"939",2011-08-15,0
"940",2011-08-16,0
"941",2011-08-17,2
"942",2011-08-18,3
"943",2011-08-19,3
"944",2011-08-20,0
"945",2011-08-21,3
"946",2011-08-22,6
"947",2011-08-23,7
"948",2011-08-24,3
"949",2011-08-25,3
"950",2011-08-26,7
"951",2011-08-27,2
"952",2011-08-28,0
"953",2011-08-29,3
"954",2011-08-30,1
"955",2011-08-31,0
"956",2011-09-01,0
"957",2011-09-02,1
"958",2011-09-03,0
"959",2011-09-04,0
"960",2011-09-05,5
"961",2011-09-06,3
"962",2011-09-07,4
"963",2011-09-08,9
"964",2011-09-09,6
"965",2011-09-10,1
"966",2011-09-11,1
"967",2011-09-12,2
"968",2011-09-13,8
"969",2011-09-14,9
"970",2011-09-15,27
"971",2011-09-16,4
"972",2011-09-17,1
"973",2011-09-18,6
"974",2011-09-19,6
"975",2011-09-20,3
"976",2011-09-21,0
"977",2011-09-22,2
"978",2011-09-23,1
"979",2011-09-24,0
"980",2011-09-25,1
"981",2011-09-26,5
"982",2011-09-27,0
"983",2011-09-28,0
"984",2011-09-29,3
"985",2011-09-30,1
"986",2011-10-01,0
"987",2011-10-02,1
"988",2011-10-03,2
"989",2011-10-04,0
"990",2011-10-05,0
"991",2011-10-06,0
"992",2011-10-07,2
"993",2011-10-08,0
"994",2011-10-09,0
"995",2011-10-10,0
"996",2011-10-11,0
"997",2011-10-12,0
"998",2011-10-13,7
"999",2011-10-14,0
"1000",2011-10-15,0
"1001",2011-10-16,0
"1002",2011-10-17,0
"1003",2011-10-18,1
"1004",2011-10-19,3
"1005",2011-10-20,0
"1006",2011-10-21,2
"1007",2011-10-22,2
"1008",2011-10-23,2
"1009",2011-10-24,9
"1010",2011-10-25,2
"1011",2011-10-26,0
"1012",2011-10-27,0
"1013",2011-10-28,0
"1014",2011-10-29,0
"1015",2011-10-30,0
"1016",2011-10-31,3
"1017",2011-11-01,11
"1018",2011-11-02,11
"1019",2011-11-03,13
"1020",2011-11-04,0
"1021",2011-11-05,1
"1022",2011-11-06,0
"1023",2011-11-07,0
"1024",2011-11-08,7
"1025",2011-11-09,6
"1026",2011-11-10,4
"1027",2011-11-11,2
"1028",2011-11-12,0
"1029",2011-11-13,0
"1030",2011-11-14,2
"1031",2011-11-15,0
"1032",2011-11-16,0
"1033",2011-11-17,9
"1034",2011-11-18,0
"1035",2011-11-19,1
"1036",2011-11-20,4
"1037",2011-11-21,5
"1038",2011-11-22,2
"1039",2011-11-23,1
"1040",2011-11-24,2
"1041",2011-11-25,12
"1042",2011-11-26,3
"1043",2011-11-27,2
"1044",2011-11-28,0
"1045",2011-11-29,5
"1046",2011-11-30,3
"1047",2011-12-01,1
"1048",2011-12-02,2
"1049",2011-12-03,5
"1050",2011-12-04,1
"1051",2011-12-05,8
"1052",2011-12-06,2
"1053",2011-12-07,1
"1054",2011-12-08,2
"1055",2011-12-09,3
"1056",2011-12-10,5
"1057",2011-12-11,3
"1058",2011-12-12,6
"1059",2011-12-13,5
"1060",2011-12-14,0
"1061",2011-12-15,2
"1062",2011-12-16,0
"1063",2011-12-17,6
"1064",2011-12-18,4
"1065",2011-12-19,9
"1066",2011-12-20,2
"1067",2011-12-21,1
"1068",2011-12-22,4
"1069",2011-12-23,0
"1070",2011-12-24,3
"1071",2011-12-25,1
"1072",2011-12-26,1
"1073",2011-12-27,6
"1074",2011-12-28,2
"1075",2011-12-29,5
"1076",2011-12-30,4
"1077",2011-12-31,1
"1078",2012-01-01,0
"1079",2012-01-02,0
"1080",2012-01-03,4
"1081",2012-01-04,1
"1082",2012-01-05,9
"1083",2012-01-06,3
"1084",2012-01-07,1
"1085",2012-01-08,0
"1086",2012-01-09,0
"1087",2012-01-10,1
"1088",2012-01-11,9
"1089",2012-01-12,0
"1090",2012-01-13,3
"1091",2012-01-14,5
"1092",2012-01-15,3
"1093",2012-01-16,1
"1094",2012-01-17,3
"1095",2012-01-18,3
"1096",2012-01-19,1
"1097",2012-01-20,3
"1098",2012-01-21,2
"1099",2012-01-22,1
"1100",2012-01-23,8
"1101",2012-01-24,21
"1102",2012-01-25,11
"1103",2012-01-26,9
"1104",2012-01-27,1
"1105",2012-01-28,3
"1106",2012-01-29,3
"1107",2012-01-30,0
"1108",2012-01-31,25
"1109",2012-02-01,9
"1110",2012-02-02,11
"1111",2012-02-03,12
"1112",2012-02-04,5
"1113",2012-02-05,2
"1114",2012-02-06,7
"1115",2012-02-07,1
"1116",2012-02-08,2
"1117",2012-02-09,0
"1118",2012-02-10,0
"1119",2012-02-11,3
"1120",2012-02-12,3
"1121",2012-02-13,9
"1122",2012-02-14,1
"1123",2012-02-15,2
"1124",2012-02-16,16
"1125",2012-02-17,5
"1126",2012-02-18,0
"1127",2012-02-19,0
"1128",2012-02-20,8
"1129",2012-02-21,14
"1130",2012-02-22,6
"1131",2012-02-23,5
"1132",2012-02-24,1
"1133",2012-02-25,0
"1134",2012-02-26,0
"1135",2012-02-27,12
"1136",2012-02-28,1
"1137",2012-02-29,6
"1138",2012-03-01,2
"1139",2012-03-02,2
"1140",2012-03-03,0
"1141",2012-03-04,2
"1142",2012-03-05,4
"1143",2012-03-06,4
"1144",2012-03-07,1
"1145",2012-03-08,1
"1146",2012-03-09,3
"1147",2012-03-10,8
"1148",2012-03-11,7
"1149",2012-03-12,7
"1150",2012-03-13,5
"1151",2012-03-14,1
"1152",2012-03-15,2
"1153",2012-03-16,6
"1154",2012-03-17,7
"1155",2012-03-18,2
"1156",2012-03-19,5
"1157",2012-03-20,5
"1158",2012-03-21,3
"1159",2012-03-22,11
"1160",2012-03-23,3
"1161",2012-03-24,1
"1162",2012-03-25,1
"1163",2012-03-26,8
"1164",2012-03-27,3
"1165",2012-03-28,5
"1166",2012-03-29,2
"1167",2012-03-30,2
"1168",2012-03-31,0
"1169",2012-04-01,0
"1170",2012-04-02,0
"1171",2012-04-03,1
"1172",2012-04-04,2
"1173",2012-04-05,0
"1174",2012-04-06,1
"1175",2012-04-07,0
"1176",2012-04-08,3
"1177",2012-04-09,4
"1178",2012-04-10,6
"1179",2012-04-11,5
"1180",2012-04-12,6
"1181",2012-04-13,9
"1182",2012-04-14,2
"1183",2012-04-15,4
"1184",2012-04-16,7
"1185",2012-04-17,14
"1186",2012-04-18,14
"1187",2012-04-19,5
"1188",2012-04-20,2
"1189",2012-04-21,1
"1190",2012-04-22,0
"1191",2012-04-23,3
"1192",2012-04-24,1
"1193",2012-04-25,9
"1194",2012-04-26,3
"1195",2012-04-27,0
"1196",2012-04-28,2
"1197",2012-04-29,8
"1198",2012-04-30,15
"1199",2012-05-01,6
"1200",2012-05-02,5
"1201",2012-05-03,11
"1202",2012-05-04,5
"1203",2012-05-05,8
"1204",2012-05-06,6
"1205",2012-05-07,4
"1206",2012-05-08,6
"1207",2012-05-09,9
"1208",2012-05-10,7
"1209",2012-05-11,4
"1210",2012-05-12,3
"1211",2012-05-13,9
"1212",2012-05-14,5
"1213",2012-05-15,5
"1214",2012-05-16,5
"1215",2012-05-17,10
"1216",2012-05-18,9
"1217",2012-05-19,3
"1218",2012-05-20,4
"1219",2012-05-21,1
"1220",2012-05-22,9
"1221",2012-05-23,0
"1222",2012-05-24,8
"1223",2012-05-25,0
"1224",2012-05-26,7
"1225",2012-05-27,3
"1226",2012-05-28,6
"1227",2012-05-29,13
"1228",2012-05-30,6
"1229",2012-05-31,4
"1230",2012-06-01,0
"1231",2012-06-02,2
"1232",2012-06-03,0
"1233",2012-06-04,0
"1234",2012-06-05,2
"1235",2012-06-06,2
"1236",2012-06-07,2
"1237",2012-06-08,1
"1238",2012-06-09,2
"1239",2012-06-10,1
"1240",2012-06-11,0
"1241",2012-06-12,7
"1242",2012-06-13,0
"1243",2012-06-14,0
"1244",2012-06-15,0
"1245",2012-06-16,0
"1246",2012-06-17,0
"1247",2012-06-18,1
"1248",2012-06-19,0
"1249",2012-06-20,0
"1250",2012-06-21,2
"1251",2012-06-22,1
"1252",2012-06-23,0
"1253",2012-06-24,0
"1254",2012-06-25,2
"1255",2012-06-26,8
"1256",2012-06-27,3
"1257",2012-06-28,3
"1258",2012-06-29,10
"1259",2012-06-30,2
"1260",2012-07-01,1
"1261",2012-07-02,6
"1262",2012-07-03,12
"1263",2012-07-04,2
"1264",2012-07-05,12
"1265",2012-07-06,4
"1266",2012-07-07,8
"1267",2012-07-08,2
"1268",2012-07-09,8
"1269",2012-07-10,11
"1270",2012-07-11,5
"1271",2012-07-12,16
"1272",2012-07-13,9
"1273",2012-07-14,7
"1274",2012-07-15,0
"1275",2012-07-16,16
"1276",2012-07-17,7
"1277",2012-07-18,5
"1278",2012-07-19,8
"1279",2012-07-20,0
"1280",2012-07-21,0
"1281",2012-07-22,9
"1282",2012-07-23,5
"1283",2012-07-24,11
"1284",2012-07-25,7
"1285",2012-07-26,3
"1286",2012-07-27,7
"1287",2012-07-28,1
"1288",2012-07-29,1
"1289",2012-07-30,6
"1290",2012-07-31,4
"1291",2012-08-01,5
"1292",2012-08-02,2
"1293",2012-08-03,4
"1294",2012-08-04,2
"1295",2012-08-05,5
"1296",2012-08-06,1
"1297",2012-08-07,2
"1298",2012-08-08,8
"1299",2012-08-09,2
"1300",2012-08-10,5
"1301",2012-08-11,10
"1302",2012-08-12,2
"1303",2012-08-13,7
"1304",2012-08-14,2
"1305",2012-08-15,3
"1306",2012-08-16,18
"1307",2012-08-17,2
"1308",2012-08-18,0
"1309",2012-08-19,1
"1310",2012-08-20,1
"1311",2012-08-21,0
"1312",2012-08-22,0
"1313",2012-08-23,4
"1314",2012-08-24,0
"1315",2012-08-25,0
"1316",2012-08-26,2
"1317",2012-08-27,0
"1318",2012-08-28,1
"1319",2012-08-29,1
"1320",2012-08-30,3
"1321",2012-08-31,1
"1322",2012-09-01,1
"1323",2012-09-02,0
"1324",2012-09-03,7
"1325",2012-09-04,4
"1326",2012-09-05,7
"1327",2012-09-06,13
"1328",2012-09-07,5
"1329",2012-09-08,5
"1330",2012-09-09,16
"1331",2012-09-10,8
"1332",2012-09-11,9
"1333",2012-09-12,5
"1334",2012-09-13,3
"1335",2012-09-14,2
"1336",2012-09-15,0
"1337",2012-09-16,4
"1338",2012-09-17,11
"1339",2012-09-18,14
"1340",2012-09-19,9
"1341",2012-09-20,13
"1342",2012-09-21,1
"1343",2012-09-22,4
"1344",2012-09-23,4
"1345",2012-09-24,8
"1346",2012-09-25,1
"1347",2012-09-26,4
"1348",2012-09-27,8
"1349",2012-09-28,5
"1350",2012-09-29,7
"1351",2012-09-30,6
"1352",2012-10-01,5
"1353",2012-10-02,12
"1354",2012-10-03,12
"1355",2012-10-04,5
"1356",2012-10-05,4
"1357",2012-10-06,1
"1358",2012-10-07,5
"1359",2012-10-08,2
"1360",2012-10-09,6
"1361",2012-10-10,12
"1362",2012-10-11,3
"1363",2012-10-12,11
"1364",2012-10-13,1
"1365",2012-10-14,0
"1366",2012-10-15,6
"1367",2012-10-16,11
"1368",2012-10-17,1
"1369",2012-10-18,2
"1370",2012-10-19,4
"1371",2012-10-20,3
"1372",2012-10-21,0
"1373",2012-10-22,2
"1374",2012-10-23,7
"1375",2012-10-24,4
"1376",2012-10-25,12
"1377",2012-10-26,5
"1378",2012-10-27,1
"1379",2012-10-28,0
"1380",2012-10-29,0
"1381",2012-10-30,9
"1382",2012-10-31,6
"1383",2012-11-01,10
"1384",2012-11-02,3
"1385",2012-11-03,4
"1386",2012-11-04,7
"1387",2012-11-05,4
"1388",2012-11-06,5
"1389",2012-11-07,6
"1390",2012-11-08,5
"1391",2012-11-09,10
"1392",2012-11-10,3
"1393",2012-11-11,2
"1394",2012-11-12,21
"1395",2012-11-13,1
"1396",2012-11-14,4
"1397",2012-11-15,7
"1398",2012-11-16,5
"1399",2012-11-17,1
"1400",2012-11-18,0
"1401",2012-11-19,1
"1402",2012-11-20,0
"1403",2012-11-21,11
"1404",2012-11-22,0
"1405",2012-11-23,1
"1406",2012-11-24,0
"1407",2012-11-25,0
"1408",2012-11-26,0
"1409",2012-11-27,0
"1410",2012-11-28,2
"1411",2012-11-29,1
"1412",2012-11-30,0
"1413",2012-12-01,0
"1414",2012-12-02,0
"1415",2012-12-03,17
"1416",2012-12-04,6
"1417",2012-12-05,1
"1418",2012-12-06,10
"1419",2012-12-07,5
"1420",2012-12-08,1
"1421",2012-12-09,0
"1422",2012-12-10,2
"1423",2012-12-11,4
"1424",2012-12-12,10
"1425",2012-12-13,3
"1426",2012-12-14,3
"1427",2012-12-15,0
"1428",2012-12-16,0
"1429",2012-12-17,0
"1430",2012-12-18,3
"1431",2012-12-19,6
"1432",2012-12-20,1
"1433",2012-12-21,0
"1434",2012-12-22,0
"1435",2012-12-23,0
"1436",2012-12-24,0
"1437",2012-12-25,0
"1438",2012-12-26,4
"1439",2012-12-27,0
"1440",2012-12-28,0
"1441",2012-12-29,1
"1442",2012-12-30,0
"1443",2012-12-31,0
"1444",2013-01-01,0
"1445",2013-01-02,0
"1446",2013-01-03,0
"1447",2013-01-04,0
"1448",2013-01-05,0
"1449",2013-01-06,0
"1450",2013-01-07,0
"1451",2013-01-08,0
"1452",2013-01-09,0
"1453",2013-01-10,0
"1454",2013-01-11,0
"1455",2013-01-12,0
"1456",2013-01-13,0
"1457",2013-01-14,0
"1458",2013-01-15,4
"1459",2013-01-16,5
"1460",2013-01-17,0
"1461",2013-01-18,0
"1462",2013-01-19,0
"1463",2013-01-20,0
"1464",2013-01-21,2
"1465",2013-01-22,0
"1466",2013-01-23,1
"1467",2013-01-24,3
"1468",2013-01-25,8
"1469",2013-01-26,0
"1470",2013-01-27,0
"1471",2013-01-28,0
"1472",2013-01-29,6
"1473",2013-01-30,3
"1474",2013-01-31,2
"1475",2013-02-01,8
"1476",2013-02-02,5
"1477",2013-02-03,2
"1478",2013-02-04,6
"1479",2013-02-05,2
"1480",2013-02-06,8
"1481",2013-02-07,9
"1482",2013-02-08,10
"1483",2013-02-09,1
"1484",2013-02-10,6
"1485",2013-02-11,4
"1486",2013-02-12,0
"1487",2013-02-13,5
"1488",2013-02-14,2
"1489",2013-02-15,6
"1490",2013-02-16,3
"1491",2013-02-17,3
"1492",2013-02-18,11
"1493",2013-02-19,8
"1494",2013-02-20,0
"1495",2013-02-21,10
"1496",2013-02-22,14
"1497",2013-02-23,1
"1498",2013-02-24,11
"1499",2013-02-25,5
"1500",2013-02-26,10
"1501",2013-02-27,14
"1502",2013-02-28,8
"1503",2013-03-01,8
"1504",2013-03-02,3
"1505",2013-03-03,5
"1506",2013-03-04,16
"1507",2013-03-05,5
"1508",2013-03-06,7
"1509",2013-03-07,5
"1510",2013-03-08,3
"1511",2013-03-09,5
"1512",2013-03-10,4
"1513",2013-03-11,20
"1514",2013-03-12,9
"1515",2013-03-13,23
"1516",2013-03-14,1
"1517",2013-03-15,0
"1518",2013-03-16,2
"1519",2013-03-17,3
"1520",2013-03-18,8
"1521",2013-03-19,4
"1522",2013-03-20,11
"1523",2013-03-21,7
"1524",2013-03-22,3
"1525",2013-03-23,1
"1526",2013-03-24,0
"1527",2013-03-25,1
"1528",2013-03-26,2
"1529",2013-03-27,8
"1530",2013-03-28,1
"1531",2013-03-29,3
"1532",2013-03-30,0
"1533",2013-03-31,0
"1534",2013-04-01,6
"1535",2013-04-02,1
"1536",2013-04-03,2
"1537",2013-04-04,1
"1538",2013-04-05,2
"1539",2013-04-06,0
"1540",2013-04-07,0
"1541",2013-04-08,3
"1542",2013-04-09,5
"1543",2013-04-10,1
"1544",2013-04-11,2
"1545",2013-04-12,6
"1546",2013-04-13,6
"1547",2013-04-14,2
"1548",2013-04-15,2
"1549",2013-04-16,4
"1550",2013-04-17,1
"1551",2013-04-18,2
"1552",2013-04-19,2
"1553",2013-04-20,3
"1554",2013-04-21,6
"1555",2013-04-22,3
"1556",2013-04-23,2
"1557",2013-04-24,9
"1558",2013-04-25,17
"1559",2013-04-26,3
"1560",2013-04-27,2
"1561",2013-04-28,2
"1562",2013-04-29,5
"1563",2013-04-30,4
"1564",2013-05-01,1
"1565",2013-05-02,5
"1566",2013-05-03,0
"1567",2013-05-04,0
"1568",2013-05-05,1
"1569",2013-05-06,7
"1570",2013-05-07,0
"1571",2013-05-08,0
"1572",2013-05-09,4
"1573",2013-05-10,11
"1574",2013-05-11,4
"1575",2013-05-12,0
"1576",2013-05-13,2
"1577",2013-05-14,3
"1578",2013-05-15,2
"1579",2013-05-16,4
"1580",2013-05-17,0
"1581",2013-05-18,0
"1582",2013-05-19,0
"1583",2013-05-20,3
"1584",2013-05-21,3
"1585",2013-05-22,11
"1586",2013-05-23,4
"1587",2013-05-24,4
"1588",2013-05-25,6
"1589",2013-05-26,5
"1590",2013-05-27,24
"1591",2013-05-28,2
"1592",2013-05-29,2
"1593",2013-05-30,6
"1594",2013-05-31,2
"1595",2013-06-01,2
"1596",2013-06-02,1
"1597",2013-06-03,1
"1598",2013-06-04,8
"1599",2013-06-05,7
"1600",2013-06-06,4
"1601",2013-06-07,10
"1602",2013-06-08,15
"1603",2013-06-09,16
"1604",2013-06-10,1
"1605",2013-06-11,16
"1606",2013-06-12,11
"1607",2013-06-13,16
"1608",2013-06-14,2
"1609",2013-06-15,3
"1610",2013-06-16,9
"1611",2013-06-17,12
"1612",2013-06-18,2
"1613",2013-06-19,18
"1614",2013-06-20,8
"1615",2013-06-21,3
"1616",2013-06-22,0
"1617",2013-06-23,3
"1618",2013-06-24,4
"1619",2013-06-25,1
"1620",2013-06-26,10
"1621",2013-06-27,20
"1622",2013-06-28,24
"1623",2013-06-29,2
"1624",2013-06-30,0
"1625",2013-07-01,1
"1626",2013-07-02,12
"1627",2013-07-03,14
"1628",2013-07-04,1
"1629",2013-07-05,9
"1630",2013-07-06,4
"1631",2013-07-07,1
"1632",2013-07-08,11
"1633",2013-07-09,2
